DaanForestPark/20180330/1lZsRrQzj,通泉草
DaanForestPark/20180330/4PdXwYcGt,紫花酢漿草
DaanForestPark/20180330/6VrmeiUE5,通泉草
DaanForestPark/20180330/7nrSoiuHL,通泉草
DaanForestPark/20180330/7RKdkJLgy,通泉草
DaanForestPark/20180330/9Qukr9EQA,著生杜鵑
DaanForestPark/20180330/A5Dx4b6I1,著生杜鵑
DaanForestPark/20180330/AiEoYjfqT,著生杜鵑
DaanForestPark/20180330/aMucAV6Zl,四季秋海棠
DaanForestPark/20180330/AU2mVOsuY,久留米杜鵑
DaanForestPark/20180330/Bk6X6aWvY,萬壽菊
DaanForestPark/20180330/chqS5h45T,紫花酢漿草
DaanForestPark/20180330/ClWGlDDo9,萬壽菊
DaanForestPark/20180330/d2ybjqF7v,平戶杜鵑
DaanForestPark/20180330/EkD12DbVn,平戶杜鵑
DaanForestPark/20180330/EMGDT8F4x,平戶杜鵑
DaanForestPark/20180330/EsH7mpW4G,台灣蛇莓
DaanForestPark/20180330/EwnoU1mPH,久留米杜鵑
DaanForestPark/20180330/EXd1sRkGF,平戶杜鵑
DaanForestPark/20180330/FNU0XySIk,台灣蛇莓
DaanForestPark/20180330/GAHMLFy1d,平戶杜鵑
DaanForestPark/20180330/Gb6TyKTuz,萬壽菊
DaanForestPark/20180330/gEkfuanyA,通泉草
DaanForestPark/20180330/gr2dBv72A,紫花酢漿草
DaanForestPark/20180330/H75sWdEPT,皋月杜鵑
DaanForestPark/20180330/hA4vS8bOY,久留米杜鵑
DaanForestPark/20180330/Hdk5vOutT,通泉草
DaanForestPark/20180330/hmK6IIlMM,四季秋海棠
DaanForestPark/20180330/HOEZ8SY7M,平戶杜鵑
DaanForestPark/20180330/hyIG0txjW,平戶杜鵑
DaanForestPark/20180330/i0kfqUfjB,台灣蛇莓
DaanForestPark/20180330/iH6BKILLT,平戶杜鵑
DaanForestPark/20180330/iUTbDxEoT,杜鵑花仙子
DaanForestPark/20180330/IXbXwK6aZ,台灣蛇莓
DaanForestPark/20180330/IZ3H0fLnI,台灣蛇莓
DaanForestPark/20180330/L3TPGBwby,四季秋海棠
DaanForestPark/20180330/MzAzcxPLT,久留米杜鵑
DaanForestPark/20180330/Ndl41SDpW,平戶杜鵑
DaanForestPark/20180330/nQy1KDoIa,紫花酢漿草
DaanForestPark/20180330/O0WMIcOqS,萬壽菊
DaanForestPark/20180330/O9Kq7eBYs,萬壽菊
DaanForestPark/20180330/oEB36M1MY,平戶杜鵑
DaanForestPark/20180330/Q9a0IAqDq,四季秋海棠
DaanForestPark/20180330/q69v95sgF,四季秋海棠
DaanForestPark/20180330/qhwD0tMgj,平戶杜鵑
DaanForestPark/20180330/QIGEsxckc,著生杜鵑
DaanForestPark/20180330/qQWoC5C3a,紫花酢漿草
DaanForestPark/20180330/QZUx00cml,著生杜鵑
DaanForestPark/20180330/RIQrTlZId,四季秋海棠
DaanForestPark/20180330/S743KBdPe,久留米杜鵑
DaanForestPark/20180330/SiveHTIVh,台灣蛇莓
DaanForestPark/20180330/T4lYciYVG,平戶杜鵑
DaanForestPark/20180330/t6mzRUXOs,萬壽菊
DaanForestPark/20180330/tDB4MVZOx,皋月杜鵑
DaanForestPark/20180330/tRxeClEDG,紫花酢漿草
DaanForestPark/20180330/uRBBQYyKf,著生杜鵑
DaanForestPark/20180330/w5VmOgx7L,杜鵑花仙子
DaanForestPark/20180330/wCUuwFE5n,平戶杜鵑
DaanForestPark/20180330/WMpqWQ6vU,通泉草
DaanForestPark/20180330/WOjychFev,紫花酢漿草
DaanForestPark/20180330/WQQM8WE9M,久留米杜鵑
DaanForestPark/20180330/wyS78a1tl,皋月杜鵑
DaanForestPark/20180330/x5Y4Z1HjW,平戶杜鵑
DaanForestPark/20180330/xMOn7x4Bx,四季秋海棠
DaanForestPark/20180330/XWMp5sm81,平戶杜鵑
DaanForestPark/20180330/yhA7OGjJC,平戶杜鵑
DaanForestPark/20180330/yKej6ubtZ,著生杜鵑
DaanForestPark/20180330/YL3znFY74,著生杜鵑
DaanForestPark/20180330/ZKzwrPeUf,台灣蛇莓
DaanForestPark/20180330/zRqld6HbW,著生杜鵑
DaanForestPark/20180412/0HuTVamdL,三色堇
DaanForestPark/20180412/1d4lAdMLm,九重葛
DaanForestPark/20180412/2o3LuCHg6,艷紫荊
DaanForestPark/20180412/3uaM1mG1G,萬壽菊
DaanForestPark/20180412/4IZp7q2ON,蜀葵
DaanForestPark/20180412/4QmjNjjke,九重葛
DaanForestPark/20180412/5Jh9aaUQb,大花咸豐草
DaanForestPark/20180412/5KVY5gA85,大花咸豐草
DaanForestPark/20180412/5wTQH6uuV,金魚草
DaanForestPark/20180412/8B9wpyyNv,三色堇
DaanForestPark/20180412/8CyXMu4ND,天竺葵
DaanForestPark/20180412/15Aqo40pO,金魚草
DaanForestPark/20180412/18lUeU6H6,三色堇
DaanForestPark/20180412/54VK3i1LS,黃金菊
DaanForestPark/20180412/722vW15ri,蜀葵
DaanForestPark/20180412/AIedGtcu6,蜀葵
DaanForestPark/20180412/B0PCViJei,蜀葵
DaanForestPark/20180412/byPCqP9DH,九重葛
DaanForestPark/20180412/CD88Bdzrc,木棉
DaanForestPark/20180412/CoyFiYa1p,九重葛
DaanForestPark/20180412/DiD2T9ftE,三色堇
DaanForestPark/20180412/Ek1aIcSeD,木棉
DaanForestPark/20180412/f8Qd244DJ,三色堇
DaanForestPark/20180412/FIef3AXTq,大花咸豐草
DaanForestPark/20180412/FwGg8EUzP,蜀葵
DaanForestPark/20180412/Hqdv76xkq,蜀葵
DaanForestPark/20180412/IL2u2nxMk,天竺葵
DaanForestPark/20180412/Kdy2uNuwv,金魚草
DaanForestPark/20180412/M8cU8h86R,九重葛
DaanForestPark/20180412/np6q0qxvs,蜀葵
DaanForestPark/20180412/o2bs1sszw,艷紫荊
DaanForestPark/20180412/Oc8GWvikS,金魚草
DaanForestPark/20180412/RVxMN6gpW,九重葛
DaanForestPark/20180412/TgW1pMEN0,三色堇
DaanForestPark/20180412/To5Otfobq,三色堇
DaanForestPark/20180412/TxKUuvEJY,大花咸豐草
DaanForestPark/20180412/UHvFwKCeg,南美蟛蜞菊
DaanForestPark/20180412/uZh2WErvC,艷紫荊
DaanForestPark/20180412/WjnPLA2qY,木棉
DaanForestPark/20180412/Xpuvvjho0,黃金菊
DaanForestPark/20180412/xqsCCLqKx,九重葛
DaanForestPark/20180412/ZRDReCyzZ,天竺葵
DaanForestPark/20180412/zXyuU4Hsy,天竺葵
DaanForestPark/20180413/0220FHURM,紫嬌花
DaanForestPark/20180413/0220QNMIB,紫嬌花
DaanForestPark/20180413/0220WGNAO,紫嬌花
DaanForestPark/20180413/0221CTLJE,紫嬌花
DaanForestPark/20180413/0221FXYIK,紫嬌花
DaanForestPark/20180413/0229BHEJD,玫瑰
DaanForestPark/20180413/0230SIWUQ,玫瑰
DaanForestPark/20180413/0237GBLNC,玫瑰
DaanForestPark/20180413/0238RXVBN,玫瑰
DaanForestPark/20180413/0238XSMEQ,玫瑰
DaanForestPark/20180413/0239IEWFC,玫瑰
DaanForestPark/20180413/0239SJKGT,玫瑰
DaanForestPark/20180413/0239XZZZH,玫瑰
DaanForestPark/20180413/0242DCYEL,玫瑰
DaanForestPark/20180413/0243AJFNO,仙丹花
DaanForestPark/20180413/0244RZXLT,仙丹花
DaanForestPark/20180413/0249HGTUI,南美朱槿
DaanForestPark/20180413/0249PLCSR,南美朱槿
DaanForestPark/20180413/0250CFAKQ,南美朱槿
DaanForestPark/20180413/0250IWAAH,南美朱槿
DaanForestPark/20180413/0250JOCHS,南美朱槿
DaanForestPark/20180413/0250ZQUWD,南美朱槿
DaanForestPark/20180413/0251MVDPW,南美朱槿
DaanForestPark/20180413/0301ZBVNW,艷紫荊
DaanForestPark/20180413/0302GEICV,艷紫荊
DaanForestPark/20180413/0305LDFNL,矮牽牛
DaanForestPark/20180413/0305QVUBO,矮牽牛
DaanForestPark/20180413/0305RIPPR,矮牽牛
DaanForestPark/20180413/0305ZAJKI,矮牽牛
DaanForestPark/20180413/0306KDYVD,矮牽牛
DaanForestPark/20180413/0307DDNBK,白晶菊
DaanForestPark/20180413/0308BMFOS,白晶菊
DaanForestPark/20180413/0308DNJRI,白晶菊
DaanForestPark/20180413/0308LFIOC,白晶菊
DaanForestPark/20180413/0310BPGAH,野菊花
DaanForestPark/20180413/0311EPCEM,野菊花
DaanForestPark/20180413/0311NWCEN,野菊花
DaanForestPark/20180413/0311QPNNK,野菊花
DaanForestPark/20180413/0313UFZBG,矮牽牛
DaanForestPark/20180413/0313YXTRY,矮牽牛
DaanForestPark/20180413/0314ARUFT,銀葉菊
DaanForestPark/20180413/0314DJDED,銀葉菊
DaanForestPark/20180413/0315VWHBQ,銀葉菊
DaanForestPark/20180413/0316KKLHN,石竹
DaanForestPark/20180413/0316MAHFT,石竹
DaanForestPark/20180413/0317EGIPZ,石竹
DaanForestPark/20180413/0317MDEIX,石竹
DaanForestPark/20180413/0318LRUVF,非洲鳳仙花
DaanForestPark/20180413/0318NKTOH,非洲鳳仙花
DaanForestPark/20180413/0318RAILS,非洲鳳仙花
DaanForestPark/20180413/0318XSSKH,非洲鳳仙花
DaanForestPark/20180413/0319JAYOP,非洲鳳仙花
DaanForestPark/20180413/0323ANRFF,射干
DaanForestPark/20180413/0323ITFXZ,射干
DaanForestPark/20180413/0323XUFRD,射干
DaanForestPark/20180413/0326AVTPT,台灣金絲桃
DaanForestPark/20180413/0326ZFRTX,台灣金絲桃
DaanForestPark/20180413/0333HXUDJ,平戶杜鵑
DaanForestPark/20180413/0334AFSDN,平戶杜鵑
DaanForestPark/20180413/0336SMVFM,平戶杜鵑
DaanForestPark/20180413/0337ZQXBN,烏來杜鵑
DaanForestPark/20180413/0338FWMKP,烏來杜鵑
DaanForestPark/20180413/0338IZOFF,烏來杜鵑
DaanForestPark/20180413/0339BPQNO,烏來杜鵑
DaanForestPark/20180413/0339JRRST,烏來杜鵑
DaanForestPark/20180413/0340DQEMP,烏來杜鵑
DaanForestPark/20180413/0340YDFRW,烏來杜鵑
DaanForestPark/20180413/0343UONMH,烏來杜鵑
DaanForestPark/20180413/0344QSHOC,金毛杜鵑
DaanForestPark/20180413/0345DVTZG,著生杜鵑
DaanForestPark/20180413/0345GNVSZ,著生杜鵑
DaanForestPark/20180413/0345JFLYD,著生杜鵑
DaanForestPark/20180413/0346DUFBR,著生杜鵑
DaanForestPark/20180413/0346RJPCJ,著生杜鵑
DaanForestPark/20180413/0346WRQCM,著生杜鵑
DaanForestPark/20180413/0348JICJL,著生杜鵑
DaanForestPark/20180413/0348QXSXX,著生杜鵑
DaanForestPark/20180413/0348RRQIU,著生杜鵑
DaanForestPark/20180413/0348XXZZI,著生杜鵑
DaanForestPark/20180426/0329FFQSQ,槭葉牽牛
DaanForestPark/20180426/0330JYYZX,槭葉牽牛
DaanForestPark/20180426/0331EDIIJ,槭葉牽牛
DaanForestPark/20180426/0331GPICH,槭葉牽牛
DaanForestPark/20180426/0332CXUPH,槭葉牽牛
DaanForestPark/20180426/0332IMODA,槭葉牽牛
DaanForestPark/20180426/0332OJIBE,槭葉牽牛
DaanForestPark/20180426/0349XFELO,瑪格麗特
DaanForestPark/20180426/0350DJPKM,瑪格麗特
DaanForestPark/20180426/0350OQDKI,瑪格麗特
DaanForestPark/20180426/0350OTDBK,瑪格麗特
DaanForestPark/20180426/0350XYWOM,瑪格麗特
DaanForestPark/20180426/0351IUPNV,瑪格麗特
DaanForestPark/20180426/0356NQKMX,矮牽牛
DaanForestPark/20180426/0356XVYHT,矮牽牛
DaanForestPark/20180426/0357BFPFP,矮牽牛
DaanForestPark/20180426/0357HHTNX,兩色金雞菊
DaanForestPark/20180426/0358JIHSP,矮牽牛
DaanForestPark/20180426/0358PZJRW,兩色金雞菊
DaanForestPark/20180426/0359VMJFH,黃波斯菊
DaanForestPark/20180426/0400FHHPN,金盞花
DaanForestPark/20180426/0400QONFT,金盞花
DaanForestPark/20180426/0400ROLRV,金盞花
DaanForestPark/20180426/0401JZWVV,黃波斯菊
DaanForestPark/20180426/0402LOLEH,黃波斯菊
DaanForestPark/20180426/0406BPBMK,紫鳳凰
DaanForestPark/20180426/0406ODMYU,紫鳳凰
DaanForestPark/20180426/0406YNIAI,紫鳳凰
DaanForestPark/20180426/0407WYKDN,紫鳳凰
DaanForestPark/20180426/0408YFGXG,仙丹花
DaanForestPark/20180426/0409GEBFO,仙丹花
DaanForestPark/20180426/0409LNLYG,仙丹花
DaanForestPark/20180426/0409PZAQG,仙丹花
DaanForestPark/20180426/0409SJRQL,仙丹花
DaanForestPark/20180426/0410CMXCT,仙丹花
DaanForestPark/20180426/0410MNJTQ,仙丹花
DaanForestPark/20180426/0410QJORP,仙丹花
DaanForestPark/20180426/0411SUYAT,南美蟛蜞菊
DaanForestPark/20180426/0412XBUXK,南美蟛蜞菊
DaanForestPark/20180426/0415BRXNV,非洲鳳仙花
DaanForestPark/20180426/0415LHCQS,非洲鳳仙花
DaanForestPark/20180426/0416MOCKT,非洲鳳仙花
DaanForestPark/20180426/0417IMULU,非洲鳳仙花
DaanForestPark/20180426/0417PBYTQ,非洲鳳仙花
DaanForestPark/20180426/0417SLEID,非洲鳳仙花
DaanForestPark/20180426/0419IMXAI,非洲鳳仙花
DaanForestPark/20180426/0423BMFYZ,南美蟛蜞菊
DaanForestPark/20180426/0423IQLPA,南美蟛蜞菊
DaanForestPark/20180426/0423QXIJK,南美蟛蜞菊
DaanForestPark/20180426/0423XMKPA,南美蟛蜞菊
DaanForestPark/20180426/0425CCTYI,美人蕉
DaanForestPark/20180426/0425PJDNZ,美人蕉
DaanForestPark/20180426/0426AUWDW,美人蕉
DaanForestPark/20180426/0426EFJJI,美人蕉
DaanForestPark/20180426/0426JYRID,美人蕉
DaanForestPark/20180426/0429BVBOV,艷紫荊
DaanForestPark/20180426/0429WXZVN,艷紫荊
DaanForestPark/20180426/0429ZKYOQ,艷紫荊
DaanForestPark/20180426/0430KNBPY,艷紫荊
DaanForestPark/20180426/0430TMFSK,艷紫荊
DaanForestPark/20180426/0452CIVBD,蔓花生
DaanForestPark/20180426/0452YELCF,蔓花生
DaanForestPark/20180426/0453JTURV,蔓花生
DaanForestPark/20180426/0453VQGQH,蔓花生
DaanForestPark/20180426/0455CAHYT,蔓花生
DaanForestPark/20180426/0455RJBMD,蔓花生
DaanForestPark/20180426/0455TPEYJ,蔓花生
DaanForestPark/20180426/0455VITSQ,蔓花生
DaanForestPark/20180426/0455XPGET,蔓花生
DaanForestPark/20180426/0456GIEDS,蔓花生
DaanForestPark/20180516/0901BZYCT,大花咸豐草
DaanForestPark/20180516/0903KEIWS,含羞草
DaanForestPark/20180516/0904NLNQJ,含羞草
DaanForestPark/20180516/0904VRFQG,含羞草
DaanForestPark/20180516/0910UCJGX,紫嬌花
DaanForestPark/20180516/0912VIDMW,立鶴花
DaanForestPark/20180516/0913CGWRF,立鶴花
DaanForestPark/20180516/0913ILSJK,立鶴花
DaanForestPark/20180516/0918TKCXA,仙丹花
DaanForestPark/20180516/0924GLWRZ,紫花酢漿草
DaanForestPark/20180516/0926FWFUA,金露花
DaanForestPark/20180516/0927KKCVH,金露花
DaanForestPark/20180516/0927KYFKI,金露花
DaanForestPark/20180516/0928ILZOU,金露花
DaanForestPark/20180516/0928OIEYF,金露花
DaanForestPark/20180516/0928VTVAN,金露花
DaanForestPark/20180516/0933BPSEA,金英花
DaanForestPark/20180516/0933GHILS,金英花
DaanForestPark/20180516/0934ISGLC,六月雪
DaanForestPark/20180516/0934VUUQW,金英花
DaanForestPark/20180516/0935JVXNJ,六月雪
DaanForestPark/20180516/0938BQQDA,蔓花生
DaanForestPark/20180516/0938BXOSX,蔓花生
DaanForestPark/20180516/0938ELEBL,蔓花生
DaanForestPark/20180516/0938GGSZG,蔓花生
DaanForestPark/20180516/0939DLBJE,蔓花生
DaanForestPark/20180516/0945GDJHG,台灣蛇莓
DaanForestPark/20180516/0945SCIGL,台灣蛇莓
DaanForestPark/20180516/0945SFRXX,台灣蛇莓
DaanForestPark/20180516/0945TTXUA,台灣蛇莓
DaanForestPark/20180516/0949ORUZH,酢漿草
DaanForestPark/20180516/0949YNDAI,酢漿草
DaanForestPark/20180516/0953GCLZP,艷紫荊
DaanForestPark/20180516/0954FKALT,艷紫荊
DaanForestPark/20180516/0954JTJDL,艷紫荊
DaanForestPark/20180516/0954YAHCV,艷紫荊
DaanForestPark/20180516/1005NWXFH,台灣金絲桃
DaanForestPark/20180516/1005VDAID,台灣金絲桃
DaanForestPark/20180516/1005ZWIAI,台灣金絲桃
DaanForestPark/20180516/1006ORAHM,台灣金絲桃
DaanForestPark/20180516/1006XDJJO,台灣金絲桃
DaanForestPark/20180516/1007YKOFJ,台灣金絲桃
DaanForestPark/20180516/1008CMPUB,台灣金絲桃
DaanForestPark/20180516/1009JRVSL,台灣萍蓬草
DaanForestPark/20180516/1009PIXWW,台灣萍蓬草
DaanForestPark/20180516/1011CCNEN,台灣萍蓬草
DaanForestPark/20180516/1011INAJL,台灣萍蓬草
DaanForestPark/20180516/1012OBQVV,台灣萍蓬草
DaanForestPark/20180516/1015GUNDT,桔梗蘭
DaanForestPark/20180516/1015QGIHE,桔梗蘭
DaanForestPark/20180516/1017EWQLR,山月桃
DaanForestPark/20180516/1017EYFUG,山月桃
DaanForestPark/20180516/1017SXOKY,山月桃
DaanForestPark/20180516/1021AWCVC,輪傘莎草
DaanForestPark/20180516/1021EZACS,輪傘莎草
DaanForestPark/20180516/1021GOVAZ,輪傘莎草
DaanForestPark/20180516/1021OENJZ,輪傘莎草
DaanForestPark/20180516/1022CFOZP,輪傘莎草
DaanForestPark/20180516/1022MWJPL,輪傘莎草
DaanForestPark/20180516/1025NEBCR,皋月杜鵑
DaanForestPark/20180516/1026THIYN,皋月杜鵑
DaanForestPark/20180516/1027NRWUL,皋月杜鵑
DaanForestPark/20180516/1027QHGIE,皋月杜鵑
DaanForestPark/20180516/1028PNFPG,著生杜鵑
DaanForestPark/20180516/1028QAXRR,著生杜鵑
DaanForestPark/20180516/1030PFXMV,月桃
DaanForestPark/20180516/1030VMWGG,月桃
DaanForestPark/20180516/1031FHCMZ,月桃
DaanForestPark/20180516/1031HYJBH,月桃
DaanForestPark/20180516/1031XHAYS,月桃
DaanForestPark/20180516/1032WBFRI,月桃
DaanForestPark/20180516/1033ROWYW,桃金孃
DaanForestPark/20180516/1034IXTOU,桃金孃
DaanForestPark/20180516/1035RSTKI,桃金孃
DaanForestPark/20180516/1035RXVWV,桃金孃
DaanForestPark/20180516/1036LHKUP,風箱樹
DaanForestPark/20180516/1036YOWLN,風箱樹
DaanForestPark/20180516/1037VLQHK,風箱樹
DaanForestPark/20180516/1038YQJGA,燈芯草
DaanForestPark/20180516/1039ATOGI,燈芯草
DaanForestPark/20180516/1039LOIJC,燈芯草
DaanForestPark/20180516/1040VGDWY,燈芯草
DaanForestPark/20180516/1042JUMKB,台灣萍蓬草
DaanForestPark/20180516/1042TYBVW,台灣萍蓬草
DaanForestPark/20180516/1043QEZTB,冇骨消
DaanForestPark/20180516/1043QNRSO,冇骨消
DaanForestPark/20180516/1044PCQYE,冇骨消
DaanForestPark/20180516/1044RODVU,冇骨消
DaanForestPark/20180516/1044ZWMFL,冇骨消
DaanForestPark/20180516/1045XAVDC,冇骨消
DaanForestPark/20180516/1048IGWTK,槭葉牽牛
DaanForestPark/20180516/1048QPVHB,槭葉牽牛
DaanForestPark/20180516/1048SHRZQ,槭葉牽牛
DaanForestPark/20180516/1050LYYBH,三白草
DaanForestPark/20180516/1050PVAMZ,三白草
DaanForestPark/20180516/1052GAVRD,水丁香
DaanForestPark/20180516/1053KIMBO,水丁香
DaanForestPark/20180516/1053LPNVK,水丁香
DaanForestPark/20180516/1053YPELL,水丁香
DaanForestPark/20180516/1055CVUGS,半邊蓮
DaanForestPark/20180516/1055OJKZM,半邊蓮
DaanForestPark/20180516/1059FYIIF,蟛蜞菊
DaanForestPark/20180516/1100BGOWO,蟛蜞菊
DaanForestPark/20180516/1100SSURI,蟛蜞菊
DaanForestPark/20180516/1105BVJMC,射干
DaanForestPark/20180516/1105FSWPJ,射干
DaanForestPark/20180516/1105GJFGA,射干
DaanForestPark/20180516/1105NHXSK,射干
DaanForestPark/20180516/1106ZVFFW,台灣馬蘭
DaanForestPark/20180516/1107NZPLZ,台灣馬蘭
DaanForestPark/20180516/1107YIVSW,台灣馬蘭
DaanForestPark/20180516/1107ZIHVI,台灣馬蘭
DaanForestPark/20180516/1108KMHBY,台灣馬蘭
DaanForestPark/20180516/1113VAKIN,紫花霍香薊
DaanForestPark/20180516/1113YGCVY,紫花霍香薊
DaanForestPark/20180516/1115ACFTM,穗花棋盤腳
DaanForestPark/20180516/1115DTZUN,穗花棋盤腳
DaanForestPark/20180516/1115PSBWR,穗花棋盤腳
DaanForestPark/20180516/1119NVNNE,龍葵
DaanForestPark/20180516/1119TPYET,龍葵
DaanForestPark/20180516/1119ZCINT,龍葵
DaanForestPark/20180516/1120DGPTS,龍葵
DaanForestPark/20180516/1122BBKWR,加拿大蓬
DaanForestPark/20180516/1123JLTMI,加拿大蓬
DaanForestPark/20180516/1123VVZAL,加拿大蓬
DaanForestPark/20180516/1124ZEQPS,加拿大蓬
DaanForestPark/20180516/1131EXKKC,艷紫荊
DaanForestPark/20180516/1131MSQVY,艷紫荊
DaanForestPark/20180516/1131RUCIJ,艷紫荊
DaanForestPark/20180516/1132JSHWF,鳳凰木
DaanForestPark/20180516/1133HVNGB,鳳凰木
DaanForestPark/20180516/1133LLPBS,鳳凰木
DaanForestPark/20180516/1133MLXWM,鳳凰木
DaanForestPark/20180516/1133WGNLA,鳳凰木
DaanForestPark/20180516/1136CYOKS,厚皮香
DaanForestPark/20180516/1136FCCRY,厚皮香
DaanForestPark/20180516/1136VNPYQ,厚皮香
DaanForestPark/20180516/1136YHMVQ,厚皮香
DaanForestPark/20180516/1137DHWYH,厚皮香
DaanForestPark/20180516/1138HDRHY,厚皮香
DaanForestPark/20180516/1138VOJAI,厚皮香
DaanForestPark/20180516/1139HSALI,厚皮香
DaanForestPark/20180516/1140CXAIP,南美蟛蜞菊
DaanForestPark/20180516/1141EHHTK,南美蟛蜞菊
DaanForestPark/20180516/1141MZWSY,南美蟛蜞菊
DaanForestPark/20180516/1143ICKAZ,玉蘭花
DaanForestPark/20180516/1144FWHPZ,玉蘭花
DaanForestPark/20180516/1150AXUEN,金英花
DaanForestPark/20180516/1150BJACY,金英花
DaanForestPark/20180516/1150EACEL,金英花
DaanForestPark/20180516/1150VMQRK,金英花
DaanForestPark/20180516/1151YTDDV,金英花
DaanForestPark/20180516/1152SMGSG,翠蘆莉
DaanForestPark/20180516/1152VWOGA,翠蘆莉
DaanForestPark/20180516/1153AKTEH,翠蘆莉
DaanForestPark/20180516/1153BQKZE,翠蘆莉
DaanForestPark/20180516/1153IYVJE,翠蘆莉
DaanForestPark/20180516/1153UZCUW,翠蘆莉
DaanForestPark/20180516/1154JCXCX,翠蘆莉
DaanForestPark/20180516/1154KXCSY,翠蘆莉
DaanForestPark/20180516/1157BBQDQ,金絲桃
DaanForestPark/20180516/1157IVPRH,金絲桃
DaanForestPark/20180516/1157UAPKZ,金絲桃
DaanForestPark/20180516/1157YSLXN,金絲桃
DaanForestPark/20180516/1158FDGKC,金絲桃
DaanForestPark/20180516/1158JPZSD,金絲桃
DaanForestPark/20180516/1158RJNWJ,金絲桃
DaanForestPark/20180516/1158ZZBON,金絲桃
DaanForestPark/20180516/1200GVDMX,半邊蓮
DaanForestPark/20180516/1200HQRKZ,半邊蓮
DaanForestPark/20180516/1200MDQSF,半邊蓮
DaanForestPark/20180516/1200MLCDO,半邊蓮
DaanForestPark/20180516/1203JYJMI,軟枝黃蟬
DaanForestPark/20180516/1203LPMCJ,軟枝黃蟬
DaanForestPark/20180516/1203MESFR,軟枝黃蟬
DaanForestPark/20180516/1211FLXOF,野薑花
DaanForestPark/20180516/1211FNKMX,野薑花
DaanForestPark/20180516/1211PRUME,野薑花
DaanForestPark/20180516/1211PVSCI,野薑花
DaanForestPark/20180516/1225OZAON,通泉草
DaanForestPark/20180516/1225ZASLA,通泉草
DaanForestPark/20180516/1226OLVBA,通泉草
DaanForestPark/20180516/1226YNRYO,通泉草
DaanForestPark/20180516/1228UDWHU,通泉草
DaanForestPark/20180516/1228VZOIR,通泉草
DaanForestPark/20180516/1229OHPQO,通泉草
DaanForestPark/20180516/1229XYNEA,通泉草
DaanForestPark/20180516/1231OPGGA,光風輪
DaanForestPark/20180516/1231TSNJM,光風輪
DaanForestPark/20180516/1231UWSHW,光風輪
DaanForestPark/20180516/1237TPYYA,孤挺花
DaanForestPark/20180516/1238ALPZU,孤挺花
DaanForestPark/20180516/1238MMXKK,孤挺花
DaanForestPark/20180516/1238RKLUY,孤挺花
DaanForestPark/20180516/1238XXDYW,孤挺花
DaanForestPark/20180516/1239YMPBW,孤挺花
DaanForestPark/20180516/1240PHKRO,孤挺花
DaanForestPark/20180516/1240QNQLW,孤挺花
DaanForestPark/20180516/1240SLWME,孤挺花
DaanForestPark/20180516/1240VLMEU,孤挺花
DaanForestPark/20180516/1246BAMNK,白花苜宿
DaanForestPark/20180516/1246KSUMW,白花苜宿
DaanForestPark/20180516/1246LAIAE,白花苜宿
DaanForestPark/20180516/1246LNAEN,白花苜宿
DaanForestPark/20180516/1247BWYLP,白花苜宿
DaanForestPark/20180516/1247OFBJH,白花苜宿
DaanForestPark/20180516/1247QURVU,白花苜宿
DaanForestPark/20180516/1247SLHZT,白花苜宿
DaanForestPark/20180516/1247STVKO,白花苜宿
DaanForestPark/20180516/1247UEDMM,白花苜宿
DaanForestPark/20180520/1043XOKQW,黃扇鳶尾
DaanForestPark/20180520/1044PDLMZ,黃扇鳶尾
DaanForestPark/20180520/1044SFUBC,黃扇鳶尾
DaanForestPark/20180520/1044WLHEQ,黃扇鳶尾
DaanForestPark/20180520/1044WPSPR,黃扇鳶尾
DaanForestPark/20180520/1045NQKAA,黃扇鳶尾
DaanForestPark/20180520/1046FDEBC,黃扇鳶尾
DaanForestPark/20180520/1046QJYFG,黃扇鳶尾
DaanForestPark/20180520/1046WFHUB,黃扇鳶尾
DaanForestPark/20180520/1047COPQW,黃扇鳶尾
DaanForestPark/20180520/1047FQOZO,黃扇鳶尾
DaanForestPark/20180520/1047VBPXO,黃扇鳶尾
DaanForestPark/20180520/1054XHCAS,阿勃勒
DaanForestPark/20180520/1055QHNQG,阿勃勒
DaanForestPark/20180520/1055SDYUS,阿勃勒
DaanForestPark/20180529/0537OHYBS,非洲鳳仙花
DaanForestPark/20180529/0538RHTLF,非洲鳳仙花
DaanForestPark/20180529/0538SAXJG,非洲鳳仙花
DaanForestPark/20180529/0540VKHQI,四季秋海棠
DaanForestPark/20180529/0541NSABW,四季秋海棠
DaanForestPark/20180529/0541TCZTU,四季秋海棠
DaanForestPark/20180529/0541WQPNU,四季秋海棠
DaanForestPark/20180529/0544CRZMQ,萬壽菊
DaanForestPark/20180529/0544TJJQD,萬壽菊
DaanForestPark/20180529/0545DFYXY,萬壽菊
DaanForestPark/20180529/0546JLBHY,萬壽菊
DaanForestPark/20180529/0548IHCHC,萬壽菊
DaanForestPark/20180529/0548USRNB,萬壽菊
DaanForestPark/20180529/0550AJFTH,四季秋海棠
DaanForestPark/20180529/0550HXPPK,四季秋海棠
DaanForestPark/20180529/0550IOKBL,四季秋海棠
DaanForestPark/20180529/0551RXRWW,四季秋海棠
DaanForestPark/20180529/0551WUTCZ,四季秋海棠
DaanForestPark/20180529/0552PHJBA,四季秋海棠
DaanForestPark/20180529/0553IOBYA,四季秋海棠
DaanForestPark/20180529/0554GDQCX,阿勃勒
DaanForestPark/20180529/0554OZDER,阿勃勒
DaanForestPark/20180529/0555OLIQK,阿勃勒
DaanForestPark/20180529/0555QRNTV,阿勃勒
DaanForestPark/20180529/0555XKYQG,阿勃勒
DaanForestPark/20180529/0556IEDFM,阿勃勒
DaanForestPark/20180529/0557OQBXN,阿勃勒
DaanForestPark/20180529/0557QGBAT,阿勃勒
DaanForestPark/20180529/0600OKHCG,艷紫荊
DaanForestPark/20180529/0601ABPQE,艷紫荊
DaanForestPark/20180529/0604KXBRV,艷紫荊
DaanForestPark/20180529/0604LTNWU,艷紫荊
DaanForestPark/20180529/0609ALHTP,月桃
DaanForestPark/20180529/0609GGSWN,月桃
DaanForestPark/20180529/0609TQHAS,月桃
DaanForestPark/20180529/0609YFALV,月桃
DaanForestPark/20180529/0610KUYLB,台灣金絲桃
DaanForestPark/20180529/0610KYKWD,台灣金絲桃
DaanForestPark/20180529/0610ZUGBT,台灣金絲桃
DaanForestPark/20180529/0611BOGTR,台灣金絲桃
DaanForestPark/20180529/0611BTULF,台灣金絲桃
DaanForestPark/20180529/0611IITWB,台灣金絲桃
DaanForestPark/20180529/0611PVJCI,台灣金絲桃
DaanForestPark/20180529/0611TAHFW,台灣金絲桃
DaanForestPark/20180529/0611UNCTB,台灣金絲桃
DaanForestPark/20180529/0611VICIC,台灣金絲桃
DaanForestPark/20180529/0612GGUAW,台灣金絲桃
DaanForestPark/20180529/0612JXUFP,台灣金絲桃
DaanForestPark/20180529/0612KAOFR,台灣金絲桃
DaanForestPark/20180529/0612KBBRN,台灣金絲桃
DaanForestPark/20180529/0612PTZVV,台灣金絲桃
DaanForestPark/20180529/0612VGGKP,台灣金絲桃
DaanForestPark/20180626/0624BJBYX,夏菫
DaanForestPark/20180626/0624MOLWZ,夏菫
DaanForestPark/20180626/0624RICNY,夏菫
DaanForestPark/20180626/0624SWZVO,夏菫
DaanForestPark/20180626/0625ECSRG,夏菫
DaanForestPark/20180626/0625LAWDO,夏菫
DaanForestPark/20180626/0625PVJOV,夏菫
DaanForestPark/20180626/0625UJSPL,夏菫
DaanForestPark/20180626/0626DOGIT,夏菫
DaanForestPark/20180626/0626MLJJZ,夏菫
DaanForestPark/20180626/0627GZJEH,夏菫
DaanForestPark/20180626/0627SPJVN,夏菫
DaanForestPark/20180626/0629IQHAG,立鶴花
DaanForestPark/20180626/0629NMFQL,立鶴花
DaanForestPark/20180626/0629QJKNJ,立鶴花
DaanForestPark/20180626/0630BWDZU,立鶴花
DaanForestPark/20180626/0632QOIKX,夏菫
DaanForestPark/20180626/0632UGUBF,夏菫
DaanForestPark/20180626/0632WTWJA,夏菫
DaanForestPark/20180626/0633BHTVP,夏菫
DaanForestPark/20180626/0633KIMBN,夏菫
DaanForestPark/20180626/0633TOLPB,夏菫
DaanForestPark/20180626/0633TRPSQ,夏菫
DaanForestPark/20180626/0633TVLEU,夏菫
DaanForestPark/20180626/0634FOLQP,夏菫
DaanForestPark/20180626/0642DVPPQ,仙丹花
DaanForestPark/20180626/0642JZUDG,仙丹花
DaanForestPark/20180626/0642VVFPD,仙丹花
DaanForestPark/20180626/0643DOFRL,仙丹花
DaanForestPark/20180626/0643IKFVK,仙丹花
DaanForestPark/20180626/0650BMFZK,皋月杜鵑
DaanForestPark/20180626/0650DWGJK,皋月杜鵑
DaanForestPark/20180626/0650WAXEN,皋月杜鵑
DaanForestPark/20180626/0651SPQUG,皋月杜鵑
DaanForestPark/20180626/0652DGCRY,皋月杜鵑
DaanForestPark/20180626/0652QBKNC,皋月杜鵑
DaanForestPark/20180626/0653LSJTS,皋月杜鵑
DaanForestPark/20180626/0655FIMVH,水鬼蕉
DaanForestPark/20180626/0659CJJJY,矮牽牛
DaanForestPark/20180626/0700VCDEA,矮牽牛
DaanForestPark/20180626/0701BASPA,矮牽牛
DaanForestPark/20180626/0701RHYKL,矮牽牛
